S.No.,State Name,District Name ,Population,Literates,Literacy
1,Andaman & Nicobar Islands,South Andaman,"2,38,142","1,90,266",89.13%
2,Andaman & Nicobar Islands,North And Middle Andaman,"1,05,597","78,683",83.91%
3,Andaman & Nicobar Islands,Nicobars,"36,842","25,332",78.06%
4,Andhra Pradesh,West Godavari,"39,36,966","26,52,389",74.63%
5,Andhra Pradesh,Krishna,"45,17,398","30,09,718",73.74%
6,Andhra Pradesh,Chittoor,"41,74,064","26,67,878",71.53%
7,Andhra Pradesh,East Godavari,"51,54,296","32,88,577",70.99%
8,Andhra Pradesh,Sri Potti Sriramulu Nellore,"29,63,557","18,32,189",68.90%
9,Andhra Pradesh,Guntur,"48,87,813","29,60,441",67.40%
10,Andhra Pradesh,Visakhapatnam,"42,90,589","25,68,249",66.91%
11,Andhra Pradesh,Anantapur,"40,81,148","23,10,960",63.57%
12,Andhra Pradesh,Prakasam,"33,97,448","19,04,435",63.08%
13,Andhra Pradesh,Srikakulam,"27,03,114","14,95,381",61.74%
14,Andhra Pradesh,Kurnool,"40,53,463","21,27,161",59.97%
15,Andhra Pradesh,Vizianagaram,"23,44,474","12,38,388",58.89%
16,Arunachal Pradesh,Papumpare,"1,76,573","1,21,048",79.95%
17,Arunachal Pradesh,Lower Subansiri,"83,030","54,057",74.35%
18,Arunachal Pradesh,East Siang,"99,214","62,576",72.54%
19,Arunachal Pradesh,Lower Dibang Valley,"54,080","31,849",69.13%
20,Arunachal Pradesh,Lohit,"1,45,726","83,062",68.18%
21,Arunachal Pradesh,West Kameng,"83,947","48,492",67.07%
22,Arunachal Pradesh,West Siang,"1,12,274","64,746",66.46%
23,Arunachal Pradesh,Dibang Valley,"8,004","4,436",64.10%
24,Arunachal Pradesh,Upper Subansiri,"83,448","45,278",63.80%
25,Arunachal Pradesh,East Kameng,"78,690","38,449",60.02%
26,Arunachal Pradesh,Upper Siang,"35,320","18,195",59.99%
27,Arunachal Pradesh,Changlang,"1,48,226","73,174",59.80%
28,Arunachal Pradesh,Tawang,"49,977","26,073",59.00%
29,Arunachal Pradesh,Anjaw,"21,167","9,990",56.46%
30,Arunachal Pradesh,Tirap,"1,11,975","47,974",52.19%
31,Arunachal Pradesh,Kurung Kumey,"92,076","36,606",48.75%
32,Assam,Kamrup Metropolitan,"12,53,938","10,01,191",88.71%
33,Assam,Jorhat,"10,92,256","7,94,929",82.15%
34,Assam,Sivasagar,"11,51,050","8,13,505",80.41%
35,Assam,Cachar,"17,36,617","11,74,128",79.34%
36,Assam,Nalbari,"7,71,639","5,31,771",78.63%
37,Assam,Karimganj,"12,28,686","7,95,297",78.22%
38,Assam,Dima Hasao,"2,14,102","1,40,873",77.54%
39,Assam,Golaghat,"10,66,888","7,21,764",77.43%
40,Assam,Lakhimpur,"10,42,137","6,83,486",77.20%
41,Assam,Dibrugarh,"13,26,335","8,84,531",76.05%
42,Assam,Kamrup,"15,17,542","9,95,319",75.55%
43,Assam,Hailakandi,"6,59,296","4,07,366",74.33%
44,Assam,Dhemaji,"6,86,133","4,23,028",72.70%
45,Assam,Nagaon,"28,23,768","17,10,716",72.37%
46,Assam,Bongaigaon,"7,38,804","4,34,078",69.74%
47,Assam,Tinsukia,"13,27,929","7,98,322",69.66%
48,Assam,Baksa,"9,50,075","5,72,837",69.25%
49,Assam,Karbi Anglong,"9,56,313","5,57,214",69.25%
50,Assam,Morigaon,"9,57,423","5,39,902",68.03%
51,Assam,Goalpara,"10,08,183","5,63,577",67.37%
52,Assam,Sonitpur,"19,24,110","11,08,572",67.34%
53,Assam,Udalguri,"8,31,668","4,69,926",65.41%
54,Assam,Kokrajhar,"8,87,142","4,89,305",65.22%
55,Assam,Barpeta,"16,93,622","8,97,058",63.81%
56,Assam,Chirang,"4,82,162","2,59,902",63.55%
57,Assam,Darrang,"9,28,500","4,87,039",63.08%
58,Assam,Dhubri,"19,49,258","9,22,341",58.34%
59,Bihar,Rohtas,"29,59,918","17,99,832",73.37%
60,Bihar,Patna,"58,38,465","34,59,679",70.68%
61,Bihar,Bhojpur,"27,28,407","15,99,151",70.47%
62,Bihar,Munger,"13,67,765","8,01,817",70.46%
63,Bihar,Aurangabad,"25,40,073","14,66,002",70.32%
64,Bihar,Buxar,"17,06,352","9,89,807",70.14%
65,Bihar,Siwan,"33,30,464","19,30,175",69.45%
66,Bihar,Kaimur,"16,26,384","9,20,276",69.34%
67,Bihar,Arwal,"7,00,843","3,86,351",67.43%
68,Bihar,Jehanabad,"11,25,313","6,18,881",66.80%
69,Bihar,Vaishali,"34,95,021","19,26,740",66.60%
70,Bihar,Saran,"39,51,862","21,57,454",65.96%
71,Bihar,Gopalganj,"25,62,012","13,82,998",65.47%
72,Bihar,Nalanda,"28,77,653","15,19,933",64.43%
73,Bihar,Begusarai,"29,70,541","15,48,673",63.87%
74,Bihar,Sheikhpura,"6,36,342","3,28,676",63.86%
75,Bihar,Gaya,"43,91,418","22,97,613",63.67%
76,Bihar,Muzaffarpur,"48,01,062","25,09,232",63.43%
77,Bihar,Bhagalpur,"30,37,766","15,73,066",63.14%
78,Bihar,Lakhisarai,"10,00,912","5,07,270",62.42%
79,Bihar,Samastipur,"42,61,566","21,42,880",61.86%
80,Bihar,Jamui,"17,60,405","8,58,588",59.79%
81,Bihar,Nawada,"22,19,146","10,91,012",59.76%
82,Bihar,Madhubani,"44,87,379","21,55,338",58.62%
83,Bihar,Banka,"20,34,763","9,65,321",58.17%
84,Bihar,Khagaria,"16,66,886","7,68,028",57.92%
85,Bihar,Supaul,"22,29,076","10,33,283",57.67%
86,Bihar,Darbhanga,"39,37,385","18,16,634",56.56%
87,Bihar,Purbi Champaran,"50,99,371","22,76,957",55.79%
88,Bihar,Pashchim Champaran,"39,35,042","17,59,481",55.70%
89,Bihar,Kishanganj,"16,90,400","7,45,056",55.46%
90,Bihar,Sheohar,"6,56,246","2,83,698",53.78%
91,Bihar,Araria,"28,11,569","11,95,768",53.53%
92,Bihar,Saharsa,"19,00,661","8,04,996",53.20%
93,Bihar,Madhepura,"20,01,762","8,34,577",52.25%
94,Bihar,Katihar,"30,71,029","12,80,190",52.24%
95,Bihar,Sitamarhi,"34,23,574","14,36,794",52.05%
96,Bihar,Purnia,"32,64,619","13,32,326",51.08%
97,Chandigarh,Chandigarh,"10,55,450","8,05,438",86.05%
98,Chhattisgarh,Durg,"33,43,872","23,03,378",79.06%
99,Chhattisgarh,Dhamtari,"7,99,781","5,46,833",78.36%
100,Chhattisgarh,Rajnandgaon,"15,37,133","10,08,379",75.96%
101,Chhattisgarh,Raipur,"40,63,872","26,29,749",75.56%
102,Chhattisgarh,Raigarh,"14,93,984","9,51,639",73.26%
103,Chhattisgarh,Janjgir Champa,"16,19,707","10,19,634",73.07%
104,Chhattisgarh,Korba,"12,06,640","7,48,759",72.37%
105,Chhattisgarh,Mahasamund,"10,32,754","6,37,963",71.02%
106,Chhattisgarh,Bilaspur,"26,63,629","15,96,560",70.78%
107,Chhattisgarh,Korea,"6,58,917","3,97,823",70.64%
108,Chhattisgarh,Kanker,"7,48,941","4,56,042",70.29%
109,Chhattisgarh,Jashpur,"8,51,669","4,95,415",67.92%
110,Chhattisgarh,Kabirdham,"8,22,526","4,14,167",60.85%
111,Chhattisgarh,Surguja,"23,59,886","11,87,941",60.01%
112,Chhattisgarh,Bastar,"14,13,199","6,50,863",54.40%
113,Chhattisgarh,Narayanpur,"1,39,820","56,621",48.62%
114,Chhattisgarh,Dantewada,"5,33,638","1,91,237",42.12%
115,Chhattisgarh,Bijapur,"2,55,230","86,919",40.86%
116,Dadra and Nagar Haveli,Dadra and Nagar Haveli,"3,43,709","2,23,230",76.24%
117,Daman and Diu,Daman,"1,91,173","1,50,348",88.07%
118,Daman and Diu,Diu,"52,074","38,058",83.46%
119,Delhi,East Delhi,"17,09,346","13,52,998",89.31%
120,Delhi,New Delhi,"1,42,004","1,14,179",88.34%
121,Delhi,South West Delhi,"22,92,958","17,87,689",88.28%
122,Delhi,West Delhi,"25,43,243","19,61,179",86.98%
123,Delhi,North Delhi,"8,87,978","6,81,517",86.85%
124,Delhi,South Delhi,"27,31,929","20,78,402",86.57%
125,Delhi,Central Delhi,"5,82,320","4,42,360",85.14%
126,Delhi,North West Delhi,"36,56,539","27,07,855",84.45%
127,Delhi,North East Delhi,"22,41,624","16,11,588",83.09%
128,Goa,North Goa,"8,18,008","6,63,060",89.57%
129,Goa,South Goa,"6,40,537","5,02,427",87.59%
130,Gujarat,Surat,"60,81,322","45,71,410",85.53%
131,Gujarat,Ahmadabad,"72,14,225","54,35,760",85.31%
132,Gujarat,Anand,"20,92,745","15,51,253",84.37%
133,Gujarat,Gandhinagar,"13,91,753","10,30,494",84.16%
134,Gujarat,Navsari,"13,29,672","10,01,909",83.88%
135,Gujarat,Mahesana,"20,35,064","15,02,645",83.61%
136,Gujarat,Kheda,"22,99,885","16,60,243",82.65%
137,Gujarat,Bharuch,"15,51,019","11,18,276",81.51%
138,Gujarat,Rajkot,"38,04,558","27,25,056",80.96%
139,Gujarat,Vadodara,"41,65,626","28,93,080",78.92%
140,Gujarat,Valsad,"17,05,678","11,70,657",78.55%
141,Gujarat,Junagadh,"27,43,082","18,42,818",75.80%
142,Gujarat,Sabarkantha,"24,28,589","15,78,734",75.79%
143,Gujarat,Porbandar,"5,85,449","3,93,678",75.78%
144,Gujarat,Bhavnagar,"28,80,365","18,87,255",75.52%
145,Gujarat,The Dangs,"2,28,291","1,40,968",75.16%
146,Gujarat,Amreli,"15,14,190","9,95,459",74.25%
147,Gujarat,Jamnagar,"21,60,119","13,96,534",73.65%
148,Gujarat,Narmada,"5,90,297","3,70,336",72.31%
149,Gujarat,Patan,"13,43,734","8,37,913",72.30%
150,Gujarat,Surendranagar,"17,56,268","10,93,626",72.13%
151,Gujarat,PanchMahal,"23,90,776","14,40,805",70.99%
152,Gujarat,Kachchh,"20,92,371","12,52,319",70.59%
153,Gujarat,Tapi,"8,07,022","4,90,036",68.26%
154,Gujarat,Banaskantha,"31,20,506","17,04,923",65.32%
155,Gujarat,Dohad,"21,27,086","10,07,171",58.82%
156,Haryana,Gurgaon,"15,14,432","11,11,116",84.70%
157,Haryana,Panchkula,"5,61,293","4,05,318",81.88%
158,Haryana,Ambala,"11,28,350","8,18,025",81.75%
159,Haryana,Faridabad,"18,09,733","12,72,739",81.70%
160,Haryana,Rewari,"9,00,332","6,36,947",80.99%
161,Haryana,Jhajjar,"9,58,405","6,76,091",80.65%
162,Haryana,Rohtak,"10,61,204","7,47,582",80.22%
163,Haryana,Sonipat,"14,50,001","9,98,316",79.12%
164,Haryana,Yamunanagar,"12,14,205","8,32,457",77.99%
165,Haryana,Mahendragarh,"9,22,088","6,30,255",77.72%
166,Haryana,Kurukshetra,"9,64,655","6,46,893",76.31%
167,Haryana,Panipat,"12,05,437","7,86,599",75.94%
168,Haryana,Bhiwani,"16,34,445","10,69,871",75.21%
169,Haryana,Karnal,"15,05,324","9,78,013",74.73%
170,Haryana,Hissar,"17,43,931","11,14,311",72.89%
171,Haryana,Jind,"13,34,152","8,32,758",71.44%
172,Haryana,Palwal,"10,42,708","5,99,796",69.32%
173,Haryana,Kaithal,"10,74,304","6,46,529",69.15%
174,Haryana,Sirsa,"12,95,189","7,82,897",68.82%
175,Haryana,Fatehabad,"9,42,011","5,57,578",67.92%
176,Haryana,Mewat (Nuh),"10,89,263","4,54,897",54.08%
177,Himachal Pradesh,Hamirpur,"4,54,768","3,58,091",88.15%
178,Himachal Pradesh,Una,"5,21,173","3,99,715",86.53%
179,Himachal Pradesh,Kangra,"15,10,075","11,52,640",85.67%
180,Himachal Pradesh,Bilaspur,"3,81,956","2,87,620",84.59%
181,Himachal Pradesh,Solan,"5,80,320","4,28,578",83.68%
182,Himachal Pradesh,Shimla,"8,14,010","6,12,642",83.64%
183,Himachal Pradesh,Mandi,"9,99,777","7,23,747",81.53%
184,Himachal Pradesh,Kinnaur,"84,121","60,699",80.00%
185,Himachal Pradesh,Kullu,"4,37,903","3,07,672",79.40%
186,Himachal Pradesh,Sirmaur,"5,29,855","3,62,645",78.80%
187,Himachal Pradesh,Lahaul and Spiti,"31,564","21,845",76.81%
188,Himachal Pradesh,Chamba,"5,19,080","3,23,842",72.17%
189,Jammu and Kashmir,Jammu,"15,29,958","11,37,135",83.45%
190,Jammu and Kashmir,Samba,"3,18,898","2,28,139",81.41%
191,Jammu and Kashmir,Leh,"1,33,487","93,770",77.20%
192,Jammu and Kashmir,Kathua,"6,16,435","3,89,204",73.09%
193,Jammu and Kashmir,Kargil,"1,40,802","86,236",71.34%
194,Jammu and Kashmir,Srinagar,"12,36,829","7,48,584",69.41%
195,Jammu and Kashmir,Udhampur,"5,54,985","3,22,354",68.49%
196,Jammu and Kashmir,Rajouri,"6,42,415","3,64,109",68.17%
197,Jammu and Kashmir,Punch,"4,76,835","2,61,724",66.74%
198,Jammu and Kashmir,Doda,"4,09,936","2,19,083",64.68%
199,Jammu and Kashmir,Baramula,"10,08,039","5,45,149",64.63%
200,Jammu and Kashmir,Kupwara,"8,70,354","4,39,654",64.51%
201,Jammu and Kashmir,Pulwama,"5,60,440","2,93,958",63.48%
202,Jammu and Kashmir,Anantnag,"10,78,692","5,45,532",62.69%
203,Jammu and Kashmir,Shupiyan,"2,66,215","1,36,500",60.76%
204,Jammu and Kashmir,Kulgam,"4,24,483","2,09,085",59.23%
205,Jammu and Kashmir,Reasi,"3,14,667","1,50,542",58.15%
206,Jammu and Kashmir,Ganderbal,"2,97,446","1,43,276",58.04%
207,Jammu and Kashmir,Bandipora,"3,92,232","1,85,979",56.28%
208,Jammu and Kashmir,Kishtwar,"2,30,696","1,07,506",56.20%
209,Jammu and Kashmir,Badgam,"7,53,745","3,35,649",56.08%
210,Jammu and Kashmir,Ramban,"2,83,713","1,24,065",54.27%
211,Jharkhand,Ranchi,"29,14,253","19,11,433",76.06%
212,Jharkhand,Purbi Singhbhum,"22,93,919","15,07,699",75.49%
213,Jharkhand,Dhanbad,"26,84,487","17,22,204",74.52%
214,Jharkhand,Ramgarh,"9,49,443","5,96,497",73.17%
215,Jharkhand,Bokaro,"20,62,330","12,73,520",72.01%
216,Jharkhand,Hazaribag,"17,34,495","10,13,249",69.75%
217,Jharkhand,Simdega,"5,99,578","3,43,483",67.99%
218,Jharkhand,Seraikela Kharsawan,"10,65,056","6,12,993",67.70%
219,Jharkhand,Lohardaga,"4,61,790","2,59,707",67.61%
220,Jharkhand,Koderma,"7,16,259","3,90,249",66.84%
221,Jharkhand,Gumla,"10,25,213","5,59,720",65.73%
222,Jharkhand,Deoghar,"14,92,073","7,93,538",64.85%
223,Jharkhand,Jamtara,"7,91,042","4,26,312",64.59%
224,Jharkhand,Khunti,"5,31,885","2,84,575",63.86%
225,Jharkhand,Palamu,"19,39,869","10,24,563",63.63%
226,Jharkhand,Giridih,"24,45,474","12,53,475",63.14%
227,Jharkhand,Dumka,"13,21,442","6,72,409",61.02%
228,Jharkhand,Garhwa,"13,22,784","6,53,476",60.33%
229,Jharkhand,Chatra,"10,42,886","5,10,061",60.18%
230,Jharkhand,Latehar,"7,26,978","3,50,682",59.51%
231,Jharkhand,Pashchimi Singhbhum,"15,02,338","7,27,561",58.63%
232,Jharkhand,Godda,"13,13,551","6,04,519",56.40%
233,Jharkhand,Sahibganj,"11,50,567","4,83,263",52.04%
234,Jharkhand,Pakur,"9,00,422","3,52,881",48.82%
235,Karnataka,Dakshina Kannada,"20,89,649","16,66,323",88.57%
236,Karnataka,Bangalore,"96,21,551","75,12,276",87.67%
237,Karnataka,Udupi,"11,77,361","9,26,429",86.24%
238,Karnataka,Uttara Kannada,"14,37,169","10,81,906",84.06%
239,Karnataka,Kodagu,"5,54,519","4,12,877",82.61%
240,Karnataka,Shimoga,"17,52,753","12,63,016",80.45%
241,Karnataka,Dharwad,"18,47,023","13,01,664",80.00%
242,Karnataka,Chikmagalur,"11,37,961","8,18,345",79.25%
243,Karnataka,Bangalore Rural,"9,90,923","6,88,749",77.93%
244,Karnataka,Haveri,"15,97,668","10,85,443",77.40%
245,Karnataka,Hassan,"17,76,421","12,25,256",76.07%
246,Karnataka,Davanagere,"19,45,497","13,08,540",75.74%
247,Karnataka,Tumakuru,"26,78,980","18,13,391",75.14%
248,Karnataka,Gadag,"10,64,570","7,00,177",75.12%
249,Karnataka,Kolar,"15,36,401","10,16,219",74.39%
250,Karnataka,Chitradurga,"16,59,456","10,87,392",73.71%
251,Karnataka,Belgaum,"47,79,661","30,52,032",73.48%
252,Karnataka,Mysore,"30,01,127","19,62,180",72.79%
253,Karnataka,Bidar,"17,03,300","10,42,673",70.51%
254,Karnataka,Mandya,"18,05,769","11,49,649",70.40%
255,Karnataka,Chikkaballapura,"12,55,104","7,83,222",69.76%
256,Karnataka,Ramanagara,"10,82,636","6,74,758",69.22%
257,Karnataka,Bagalkot,"18,89,752","11,13,412",68.82%
258,Karnataka,Koppal,"13,89,920","8,09,085",68.09%
259,Karnataka,Bellary,"24,52,595","14,21,621",67.43%
260,Karnataka,Bijapur,"21,77,331","12,48,268",67.15%
261,Karnataka,Gulbarga,"25,66,326","14,27,368",64.85%
262,Karnataka,Chamarajanagara,"10,20,791","5,65,279",61.43%
263,Karnataka,Raichur,"19,28,812","9,79,769",59.56%
264,Karnataka,Yadgir,"11,74,271","5,10,003",51.83%
265,Kerala,Kottayam,"19,74,551","17,49,798",97.21%
266,Kerala,Pathanamthitta,"11,97,412","10,62,553",96.55%
267,Kerala,Ernakulam,"32,82,388","28,55,676",95.89%
268,Kerala,Alappuzha,"21,27,789","18,52,797",95.72%
269,Kerala,Kannur,"25,23,003","21,38,434",95.10%
270,Kerala,Thrissur,"31,21,200","26,78,548",95.08%
271,Kerala,Kozhikode,"30,86,293","26,15,443",95.08%
272,Kerala,Kollam,"26,35,375","22,40,273",94.09%
273,Kerala,Malappuram,"41,12,920","33,11,315",93.57%
274,Kerala,Thiruvananthapuram,"33,01,427","27,85,408",93.02%
275,Kerala,Idukki,"11,08,974","9,23,010",91.99%
276,Kerala,Kasaragod,"13,07,375","10,37,492",90.09%
277,Kerala,Palakkad,"28,09,934","22,39,492",89.31%
278,Kerala,Wayanad,"8,17,420","6,45,585",89.03%
279,Lakshadweep,Lakshadweep,"64,473","52,553",91.85%
280,Madhya Pradesh,Jabalpur,"24,63,289","17,56,468",81.07%
281,Madhya Pradesh,Indore,"32,76,697","23,09,130",80.87%
282,Madhya Pradesh,Bhopal,"23,71,061","16,60,690",80.37%
283,Madhya Pradesh,Balaghat,"17,01,698","11,47,623",77.09%
284,Madhya Pradesh,Gwalior,"20,32,036","13,57,210",76.65%
285,Madhya Pradesh,Sagar,"23,78,458","15,45,719",76.46%
286,Madhya Pradesh,Narsimhapur,"10,91,854","7,18,785",75.69%
287,Madhya Pradesh,Hoshangabad,"12,41,350","8,10,644",75.29%
288,Madhya Pradesh,Bhind,"17,03,005","10,94,917",75.26%
289,Madhya Pradesh,Raisen,"13,31,597","8,20,220",72.98%
290,Madhya Pradesh,Datia,"7,86,754","4,91,445",72.63%
291,Madhya Pradesh,Harda,"5,70,465","3,52,550",72.50%
292,Madhya Pradesh,Ujjain,"19,86,864","12,40,990",72.34%
293,Madhya Pradesh,Satna,"22,28,935","13,71,781",72.26%
294,Madhya Pradesh,Seoni,"13,79,131","8,64,194",72.12%
295,Madhya Pradesh,Katni,"12,92,042","7,90,773",71.98%
296,Madhya Pradesh,Mandsaur,"13,40,411","8,34,591",71.78%
297,Madhya Pradesh,Rewa,"23,65,106","14,41,757",71.62%
298,Madhya Pradesh,Chhindwara,"20,90,922","12,94,198",71.16%
299,Madhya Pradesh,Morena,"19,65,970","11,79,685",71.03%
300,Madhya Pradesh,Neemuch,"8,26,067","5,08,834",70.80%
301,Madhya Pradesh,Vidisha,"14,58,875","8,62,918",70.53%
302,Madhya Pradesh,Sehore,"13,11,332","7,80,362",70.06%
303,Madhya Pradesh,Damoh,"12,64,219","7,47,715",69.73%
304,Madhya Pradesh,Dewas,"15,63,715","9,25,369",69.35%
305,Madhya Pradesh,Shajapur,"15,12,681","8,94,612",69.09%
306,Madhya Pradesh,Betul,"15,75,362","9,39,769",68.90%
307,Madhya Pradesh,Anuppur,"7,49,237","4,36,595",67.88%
308,Madhya Pradesh,Mandla,"10,54,905","6,04,962",66.87%
309,Madhya Pradesh,Ratlam,"14,55,069","8,25,880",66.78%
310,Madhya Pradesh,Shahdol,"10,66,063","6,04,194",66.67%
311,Madhya Pradesh,Ashoknagar,"8,45,071","4,69,109",66.42%
312,Madhya Pradesh,East Nimar,"13,10,061","7,31,615",66.39%
313,Madhya Pradesh,Umaria,"6,44,758","3,56,672",65.89%
314,Madhya Pradesh,Panna,"10,16,520","5,52,559",64.79%
315,Madhya Pradesh,Sidhi,"11,27,033","6,00,785",64.43%
316,Madhya Pradesh,Burhanpur,"7,57,847","4,08,679",64.36%
317,Madhya Pradesh,Dindori,"7,04,524","3,78,714",63.90%
318,Madhya Pradesh,Chhattarpur,"17,62,375","9,43,033",63.74%
319,Madhya Pradesh,Guna,"12,41,519","6,53,980",63.23%
320,Madhya Pradesh,West Nimar,"18,73,046","9,86,234",62.70%
321,Madhya Pradesh,Shivpuri,"17,26,050","9,00,846",62.55%
322,Madhya Pradesh,Tikamgarh,"14,45,166","7,47,940",61.43%
323,Madhya Pradesh,Rajgarh,"15,45,814","8,04,245",61.21%
324,Madhya Pradesh,Singrauli,"11,78,273","5,85,054",60.41%
325,Madhya Pradesh,Dhar,"21,85,793","10,77,338",59.00%
326,Madhya Pradesh,Sheopur,"6,87,861","3,28,025",57.43%
327,Madhya Pradesh,Barwani,"13,85,881","5,49,926",49.08%
328,Madhya Pradesh,Jhabua,"10,25,048","3,52,081",43.30%
329,Madhya Pradesh,Alirajpur,"7,28,999","2,09,754",36.10%
330,Maharashtra,Mumbai Suburban,"93,56,962","75,75,485",89.91%
331,Maharashtra,Mumbai City,"30,85,411","25,09,022",89.21%
332,Maharashtra,Nagpur,"46,53,570","36,73,808",88.39%
333,Maharashtra,Akola,"18,13,906","14,11,281",88.05%
334,Maharashtra,Amravati,"28,88,445","22,51,875",87.38%
335,Maharashtra,Wardha,"13,00,774","10,19,458",86.99%
336,Maharashtra,Pune,"94,29,408","71,71,723",86.15%
337,Maharashtra,Sindhudurg,"8,49,651","6,66,067",85.56%
338,Maharashtra,Gondiya,"13,22,507","10,04,243",84.95%
339,Maharashtra,Thane,"1,10,60,148","82,27,161",84.53%
340,Maharashtra,Bhandara,"12,00,334","8,99,860",83.76%
341,Maharashtra,Buldana,"25,86,258","18,79,874",83.40%
342,Maharashtra,Washim,"11,97,160","8,69,917",83.25%
343,Maharashtra,Raigad,"26,34,200","19,39,994",83.14%
344,Maharashtra,Satara,"30,03,741","22,25,694",82.87%
345,Maharashtra,Yavatmal,"27,72,348","20,22,574",82.82%
346,Maharashtra,Nashik,"61,07,187","43,45,366",82.31%
347,Maharashtra,Ratnagiri,"16,15,069","11,99,392",82.18%
348,Maharashtra,Kolhapur,"38,76,001","28,25,845",81.51%
349,Maharashtra,Sangli,"28,22,143","20,49,467",81.48%
350,Maharashtra,Chandrapur,"22,04,307","15,78,615",80.01%
351,Maharashtra,Ahmadnagar,"45,43,159","31,51,890",79.05%
352,Maharashtra,Aurangabad,"37,01,282","25,03,837",79.02%
353,Maharashtra,Osmanabad,"16,57,576","11,37,810",78.44%
354,Maharashtra,Jalgaon,"42,29,917","28,91,882",78.20%
355,Maharashtra,Hingoli,"11,77,345","7,90,743",78.17%
356,Maharashtra,Latur,"24,54,196","16,50,672",77.26%
357,Maharashtra,Solapur,"43,17,756","29,10,676",77.02%
358,Maharashtra,Beed,"25,85,049","17,18,507",76.99%
359,Maharashtra,Nanded,"33,61,292","21,89,425",75.45%
360,Maharashtra,Gadchiroli,"10,72,942","7,08,365",74.36%
361,Maharashtra,Parbhani,"18,36,086","11,57,814",73.34%
362,Maharashtra,Dhule,"20,50,862","12,93,916",72.80%
363,Maharashtra,Jalna,"19,59,046","11,95,523",71.52%
364,Maharashtra,Nandurbar,"16,48,295","9,06,509",64.38%
365,Manipur,Imphal West,"5,17,992","3,92,626",86.08%
366,Manipur,Churachandpur,"2,74,143","1,95,935",82.78%
367,Manipur,Imphal East,"4,56,113","3,24,664",81.95%
368,Manipur,Ukhrul,"1,83,998","1,29,829",81.35%
369,Manipur,Bishnupur,"2,37,399","1,56,333",75.85%
370,Manipur,Thoubal,"4,22,168","2,69,304",74.47%
371,Manipur,Chandel,"1,44,182","90,302",71.11%
372,Manipur,Tamenglong,"1,40,651","85,006",70.05%
373,Manipur,Senapati,"4,79,148","2,64,477",63.60%
374,Meghalaya,East Khasi Hills,"8,25,922","5,78,030",84.15%
375,Meghalaya,West Khasi Hills,"3,83,461","2,30,678",77.87%
376,Meghalaya,Ri Bhoi,"2,58,840","1,55,859",75.67%
377,Meghalaya,East Garo Hills,"3,17,917","1,92,147",73.95%
378,Meghalaya,South Garo Hills,"1,42,334","82,062",71.72%
379,Meghalaya,West Garo Hills,"6,43,291","3,58,702",67.58%
380,Meghalaya,Jaintia Hills,"3,95,124","1,87,527",61.64%
381,Mizoram,Serchhip,"64,937","54,476",97.91%
382,Mizoram,Aizawl,"4,00,309","3,40,595",97.89%
383,Mizoram,Champhai,"1,25,745","1,00,802",95.91%
384,Mizoram,Kolasib,"83,955","65,895",93.50%
385,Mizoram,Saiha,"56,574","42,233",90.01%
386,Mizoram,Lunglei,"1,61,428","1,21,122",88.86%
387,Mizoram,Mamit,"86,364","60,191",84.93%
388,Mizoram,Lawngtlai,"1,17,894","62,861",65.88%
389,Nagaland,Mokokchung,"1,94,622","1,59,494",91.62%
390,Nagaland,Wokha,"1,66,343","1,28,208",87.69%
391,Nagaland,Zunheboto,"1,40,757","1,02,881",85.26%
392,Nagaland,Kohima,"2,67,988","1,97,489",85.23%
393,Nagaland,Dimapur,"3,78,811","2,78,037",84.79%
394,Nagaland,Phek,"1,63,418","1,05,893",78.05%
395,Nagaland,Peren,"95,219","62,204",77.95%
396,Nagaland,Tuensang,"1,96,596","1,17,511",73.08%
397,Nagaland,Longleng,"50,484","29,859",72.17%
398,Nagaland,Kiphire,"74,004","41,232",69.54%
399,Nagaland,Mon,"2,50,260","1,19,626",56.99%
400,Orissa,Khordha,"22,51,673","17,49,936",86.88%
401,Orissa,Jagatsinghapur,"11,36,971","8,89,027",86.59%
402,Orissa,Cuttack,"26,24,470","20,11,469",85.50%
403,Orissa,Kendrapara,"14,40,361","10,89,265",85.15%
404,Orissa,Puri,"16,98,730","12,91,939",84.67%
405,Orissa,Bhadrak,"15,06,337","10,94,140",82.78%
406,Orissa,Nayagarh,"9,62,789","6,88,362",80.42%
407,Orissa,Jajapur,"18,27,192","12,90,455",80.13%
408,Orissa,Balasore,"23,20,529","16,21,232",79.79%
409,Orissa,Jharsuguda,"5,79,505","4,05,879",78.86%
410,Orissa,Dhenkanal,"11,92,811","8,29,910",78.76%
411,Orissa,Anugul,"12,73,821","8,69,456",77.53%
412,Orissa,Sambalpur,"10,41,099","7,03,691",76.22%
413,Orissa,Bargarh,"14,81,255","9,83,783",74.62%
414,Orissa,Subarnapur,"6,10,183","3,98,421",74.42%
415,Orissa,Sundargarh,"20,93,437","13,42,322",73.34%
416,Orissa,Debagarh,"3,12,520","1,97,819",72.57%
417,Orissa,Baudh,"4,41,162","2,71,612",71.61%
418,Orissa,Ganjam,"35,29,031","22,10,050",71.09%
419,Orissa,Kendujhar,"18,01,733","10,52,518",68.24%
420,Orissa,Balangir,"16,48,997","9,27,260",64.72%
421,Orissa,Kandhamal,"7,33,110","3,99,786",64.13%
422,Orissa,Mayurbhanj,"25,19,738","13,69,397",63.17%
423,Orissa,Kalahandi,"15,76,869","8,02,036",59.22%
424,Orissa,Nuapada,"6,10,382","2,99,383",57.35%
425,Orissa,Gajapati,"5,77,817","2,62,537",53.49%
426,Orissa,Rayagada,"9,67,911","4,07,735",49.76%
427,Orissa,Koraput,"13,79,647","5,68,090",49.21%
428,Orissa,Malkangiri,"6,13,192","2,44,706",48.54%
429,Orissa,Nabarangapur,"12,20,946","4,70,379",46.43%
430,Puducherry,Mahe,"41,816","36,470",97.87%
431,Puducherry,Karaikal,"2,00,222","1,54,916",87.05%
432,Puducherry,Puducherry,"9,50,289","7,26,649",85.44%
433,Puducherry,Yanam,"55,626","39,274",79.47%
434,Punjab,Hoshiarpur,"15,86,625","11,99,699",84.59%
435,Punjab,Mohali,"9,94,628","7,36,575",83.80%
436,Punjab,Jalandhar,"21,93,590","16,22,537",82.48%
437,Punjab,Ludhiana,"34,98,739","25,60,225",82.20%
438,Punjab,Rupnagar,"6,84,627","5,02,731",82.19%
439,Punjab,Gurdaspur,"22,98,323","16,34,719",79.95%
440,Punjab,Shahid Bhagat Singh Nagar,"6,12,310","4,38,459",79.78%
441,Punjab,Fatehgarh Sahib,"6,00,163","4,26,033",79.35%
442,Punjab,Kapurthala,"8,15,168","5,76,567",79.07%
443,Punjab,Amritsar,"24,90,656","16,84,770",76.27%
444,Punjab,Patiala,"18,95,686","12,66,791",75.28%
445,Punjab,Moga,"9,95,746","6,27,889",70.68%
446,Punjab,Faridkot,"6,17,508","3,81,285",69.55%
447,Punjab,Firozpur,"20,29,074","12,27,511",68.92%
448,Punjab,Bathinda,"13,88,525","8,44,868",68.28%
449,Punjab,Sangrur,"16,55,169","10,02,077",67.99%
450,Punjab,Barnala,"5,95,527","3,59,831",67.82%
451,Punjab,Tarn Taran,"11,19,627","6,66,162",67.81%
452,Punjab,Muktsar,"9,01,896","5,24,848",65.81%
453,Punjab,Mansa,"7,69,751","4,23,560",61.83%
454,Rajasthan,Kota,"19,51,014","12,98,345",76.56%
455,Rajasthan,Jaipur,"66,26,178","43,00,965",75.51%
456,Rajasthan,Jhunjhunu,"21,37,045","13,70,360",74.13%
457,Rajasthan,Sikar,"26,77,333","16,52,117",71.91%
458,Rajasthan,Alwar,"36,74,179","21,82,476",70.72%
459,Rajasthan,Bharatpur,"25,48,462","14,80,869",70.11%
460,Rajasthan,Ganganagar,"19,69,168","11,93,343",69.64%
461,Rajasthan,Ajmer,"25,83,052","15,26,673",69.33%
462,Rajasthan,Dhaulpur,"12,06,516","6,83,098",69.08%
463,Rajasthan,Dausa,"16,34,409","9,38,051",68.16%
464,Rajasthan,Hanumangarh,"17,74,692","10,34,136",67.13%
465,Rajasthan,Churu,"20,39,547","11,49,269",66.75%
466,Rajasthan,Baran,"12,22,755","6,93,307",66.66%
467,Rajasthan,Karauli,"14,58,248","8,05,849",66.22%
468,Rajasthan,Jodhpur,"36,87,165","20,31,532",65.94%
469,Rajasthan,Sawai Madhopur,"13,35,551","7,41,748",65.39%
470,Rajasthan,Bikaner,"23,63,937","12,78,801",65.13%
471,Rajasthan,Rajsamand,"11,56,597","6,19,139",63.14%
472,Rajasthan,Nagaur,"33,07,743","17,58,624",62.80%
473,Rajasthan,Pali,"20,37,573","10,85,693",62.39%
474,Rajasthan,Udaipur,"30,68,420","15,82,629",61.82%
475,Rajasthan,Chittaurgarh,"15,44,338","8,21,825",61.71%
476,Rajasthan,Tonk,"14,21,326","7,49,659",61.58%
477,Rajasthan,Bundi,"11,10,906","5,85,044",61.52%
478,Rajasthan,Jhalawar,"14,11,129","7,39,792",61.50%
479,Rajasthan,Bhilwara,"24,08,523","12,56,126",61.37%
480,Rajasthan,Dungarpur,"13,88,552","6,81,591",59.46%
481,Rajasthan,Jaisalmer,"6,69,919","3,08,653",57.22%
482,Rajasthan,Barmer,"26,03,751","11,88,322",56.53%
483,Rajasthan,Banswara,"17,97,485","8,29,343",56.33%
484,Rajasthan,Pratapgarh,"8,67,848","4,01,515",55.97%
485,Rajasthan,Sirohi,"10,36,346","4,76,806",55.25%
486,Rajasthan,Jalore,"18,28,730","8,29,582",54.86%
487,Sikkim,East Sikkim,"2,83,583","2,14,329",83.85%
488,Sikkim,South Sikkim,"1,46,850","1,06,741",81.42%
489,Sikkim,North Sikkim,"43,709","30,450",78.01%
490,Sikkim,West Sikkim,"1,36,435","93,432",77.39%
491,Tamil Nadu,Kanyakumari,"18,70,374","15,48,738",91.75%
492,Tamil Nadu,Chennai,"46,46,732","37,76,276",90.18%
493,Tamil Nadu,Thoothukudi,"17,50,176","13,49,697",86.16%
494,Tamil Nadu,The Nilgiris,"7,35,394","5,69,647",85.20%
495,Tamil Nadu,Kanchipuram,"39,98,252","30,13,382",84.49%
496,Tamil Nadu,Tiruvallur,"37,28,104","27,91,721",84.03%
497,Tamil Nadu,Coimbatore,"34,58,045","26,35,907",83.98%
498,Tamil Nadu,Nagapattinam,"16,16,450","12,13,008",83.59%
499,Tamil Nadu,Madurai,"30,38,252","22,73,430",83.45%
500,Tamil Nadu,Tiruchirappalli,"27,22,290","20,38,981",83.23%
501,Tamil Nadu,Tiruvarur,"12,64,277","9,46,471",82.86%
502,Tamil Nadu,Thanjavur,"24,05,890","17,90,998",82.64%
503,Tamil Nadu,Tirunelveli,"30,77,233","22,73,457",82.50%
504,Tamil Nadu,Ramanathapuram,"13,53,445","9,78,946",80.72%
505,Tamil Nadu,Virudhunagar,"19,42,288","13,98,788",80.15%
506,Tamil Nadu,Sivaganga,"13,39,101","9,59,744",79.85%
507,Tamil Nadu,Vellore,"39,36,331","27,73,928",79.17%
508,Tamil Nadu,Tirupur,"24,79,052","17,60,566",78.68%
509,Tamil Nadu,Cuddalore,"26,05,914","18,15,281",78.04%
510,Tamil Nadu,Theni,"12,45,899","8,70,080",77.26%
511,Tamil Nadu,Pudukkottai,"16,18,345","11,10,545",77.19%
512,Tamil Nadu,Dindigul,"21,59,775","14,81,834",76.26%
513,Tamil Nadu,Karur,"10,64,493","7,27,044",75.60%
514,Tamil Nadu,Namakkal,"17,26,601","11,76,131",74.63%
515,Tamil Nadu,Perambalur,"5,65,223","3,75,823",74.32%
516,Tamil Nadu,Tiruvannamalai,"24,64,875","16,26,813",74.21%
517,Tamil Nadu,Salem,"34,82,056","22,85,562",72.86%
518,Tamil Nadu,Erode,"22,51,744","14,92,662",72.58%
519,Tamil Nadu,Viluppuram,"34,58,873","21,95,776",71.88%
520,Tamil Nadu,Krishnagiri,"18,79,809","11,87,958",71.46%
521,Tamil Nadu,Ariyalur,"7,54,894","4,80,604",71.34%
522,Tamil Nadu,Dharmapuri,"15,06,843","9,17,709",68.54%
523,Telangana,Hyderabad,"39,43,323","32,82,816",83.25%
524,Telangana,Medchal–Malkajgiri,"24,40,073","20,12,572",82.48%
525,Telangana,Warangal Urban,"10,80,858","8,23,290",76.17%
526,Telangana,Ranga Reddy,"24,46,265","17,58,375",71.88%
527,Telangana,Karimnagar,"10,05,711","6,95,550",69.16%
528,Telangana,Bhadradri Kothagudem,"10,69,261","7,09,989",66.40%
529,Telangana,Khammam,"14,01,639","9,24,381",65.95%
530,Telangana,Peddapalli,"7,95,332","5,21,102",65.52%
531,Telangana,Yadadri Bhuvanagiri,"7,39,448","4,82,416",65.24%
532,Telangana,Mancherial,"8,07,037","5,19,328",64.35%
533,Telangana,Nizamabad,"15,71,022","10,09,382",64.25%
534,Telangana,Suryapet,"10,99,560","7,04,928",64.11%
535,Telangana,Sangareddy,"15,27,628","9,78,904",64.08%
536,Telangana,Nalgonda,"16,18,416","10,31,740",63.75%
537,Telangana,Adilabad,"7,08,972","4,49,914",63.46%
538,Telangana,Rajanna Sircilla,"5,52,037","3,46,182",62.71%
539,Telangana,Mulugu,"2,57,744","1,60,471",62.26%
540,Telangana,Siddipet,"10,12,065","6,23,533",61.61%
541,Telangana,Jangaon,"5,66,376","3,48,888",61.60%
542,Telangana,Warangal Rural,"7,18,537","4,40,176",61.26%
543,Telangana,Mahabubnagar,"9,19,903","5,60,865",60.97%
544,Telangana,Jagitial,"9,85,417","5,93,812",60.26%
545,Telangana,Jayashankar Bhupalpally,"4,16,763","2,45,765",58.97%
546,Telangana,Vikarabad,"9,27,140","5,36,907",57.91%
547,Telangana,Nirmal,"7,09,418","4,09,831",57.77%
548,Telangana,Mahabubabad,"7,74,549","4,42,500",57.13%
549,Telangana,Komaram Bheem,"5,15,812","2,92,569",56.72%
550,Telangana,Kamareddy,"9,72,625","5,49,630",56.51%
551,Telangana,Medak,"7,67,428","4,30,681",56.12%
552,Telangana,Wanaparthy,"5,77,758","3,21,638",55.67%
553,Telangana,Nagarkurnool,"8,93,308","4,85,781",54.38%
554,Telangana,Narayanpet,"5,66,874","2,83,040",49.93%
555,Telangana,Jogulamba Gadwal,"6,09,990","3,04,202",49.87%
556,Tripura,West Tripura,"17,25,739","13,61,354",88.69%
557,Tripura,North Tripura,"6,93,947","5,20,402",87.50%
558,Tripura,Dhalai,"3,78,230","2,76,217",85.72%
559,Tripura,South Tripura,"8,76,001","6,46,810",84.66%
560,Uttar Pradesh,Gautam Buddha Nagar,"16,48,115","11,22,947",80.12%
561,Uttar Pradesh,Kanpur Nagar,"45,81,268","32,43,022",79.65%
562,Uttar Pradesh,Auraiya,"13,79,545","9,30,836",78.95%
563,Uttar Pradesh,Etawah,"15,81,810","10,62,003",78.41%
564,Uttar Pradesh,Ghaziabad,"46,81,645","31,23,264",78.07%
565,Uttar Pradesh,Lucknow,"45,89,838","31,27,260",77.29%
566,Uttar Pradesh,Mainpuri,"18,68,529","12,03,885",75.99%
567,Uttar Pradesh,Ramabai Nagar (Kanpur Dehat),"17,96,184","11,70,243",75.78%
568,Uttar Pradesh,Varanasi,"36,76,841","24,03,903",75.60%
569,Uttar Pradesh,Jhansi,"19,98,603","13,04,513",75.05%
570,Uttar Pradesh,Jalaun,"16,89,974","10,75,196",73.75%
571,Uttar Pradesh,Mau,"22,05,968","13,63,044",73.09%
572,Uttar Pradesh,Meerut,"34,43,689","21,41,488",72.84%
573,Uttar Pradesh,Kannauj,"16,56,616","10,17,087",72.70%
574,Uttar Pradesh,Allahabad,"59,54,391","36,65,727",72.32%
575,Uttar Pradesh,Ambedkar Nagar,"23,97,888","14,86,939",72.23%
576,Uttar Pradesh,Baghpat,"13,03,048","7,97,970",72.01%
577,Uttar Pradesh,Firozabad,"24,98,156","15,21,806",71.92%
578,Uttar Pradesh,Ghazipur,"36,20,268","21,97,549",71.78%
579,Uttar Pradesh,Hathras,"15,64,708","9,42,572",71.59%
580,Uttar Pradesh,Agra,"44,18,797","26,80,510",71.58%
581,Uttar Pradesh,Jaunpur,"44,94,204","27,31,677",71.55%
582,Uttar Pradesh,Chandauli,"19,52,756","11,74,606",71.48%
583,Uttar Pradesh,Deoria,"31,00,946","18,75,239",71.13%
584,Uttar Pradesh,Ballia,"32,39,774","19,63,590",70.94%
585,Uttar Pradesh,Azamgarh,"46,13,913","27,71,917",70.93%
586,Uttar Pradesh,Gorakhpur,"44,40,895","27,00,328",70.83%
587,Uttar Pradesh,Etah,"17,74,480","10,55,202",70.81%
588,Uttar Pradesh,Saharanpur,"34,66,382","20,77,108",70.49%
589,Uttar Pradesh,Mathura,"25,47,184","15,07,746",70.36%
590,Uttar Pradesh,Pratapgarh,"32,09,141","19,31,559",70.09%
591,Uttar Pradesh,Sultanpur,"37,97,117","22,39,902",69.27%
592,Uttar Pradesh,Muzaffarnagar,"41,43,512","24,17,339",69.12%
593,Uttar Pradesh,Farrukhabad,"18,85,204","10,92,677",69.04%
594,Uttar Pradesh,Sant Ravidas Nagar (Bhadohi),"15,78,213","9,10,146",68.97%
595,Uttar Pradesh,Bulandshahr,"34,99,171","20,31,656",68.88%
596,Uttar Pradesh,Hamirpur,"11,04,285","6,53,299",68.77%
597,Uttar Pradesh,Faizabad,"24,70,996","14,50,901",68.73%
598,Uttar Pradesh,Mirzapur,"24,96,970","14,28,683",68.48%
599,Uttar Pradesh,Bijnor,"36,82,713","21,35,393",68.48%
600,Uttar Pradesh,Aligarh,"36,73,889","20,92,567",67.52%
601,Uttar Pradesh,Fatehpur,"26,32,733","15,12,166",67.43%
602,Uttar Pradesh,Rae Bareli,"34,05,559","19,65,843",67.25%
603,Uttar Pradesh,Basti,"24,64,464","13,93,783",67.22%
604,Uttar Pradesh,Sant Kabir Nagar,"17,15,183","9,54,949",66.72%
605,Uttar Pradesh,Banda,"17,99,410","10,02,937",66.67%
606,Uttar Pradesh,Unnao,"31,08,367","17,73,584",66.37%
607,Uttar Pradesh,Mahoba,"8,75,958","4,88,106",65.27%
608,Uttar Pradesh,Kushinagar,"35,64,544","19,54,820",65.25%
609,Uttar Pradesh,Chitrakoot,"9,91,730","5,31,072",65.05%
610,Uttar Pradesh,Hardoi,"40,92,845","22,21,601",64.57%
611,Uttar Pradesh,Sonbhadra,"18,62,559","9,85,708",64.03%
612,Uttar Pradesh,Amroha,"18,40,221","9,83,110",63.84%
613,Uttar Pradesh,Lalitpur,"12,21,592","6,41,191",63.52%
614,Uttar Pradesh,Maharajganj,"26,84,703","14,19,144",62.76%
615,Uttar Pradesh,Barabanki,"32,60,699","16,92,458",61.75%
616,Uttar Pradesh,Pilibhit,"20,31,007","10,61,095",61.47%
617,Uttar Pradesh,Kaushambi,"15,99,596","8,13,424",61.28%
618,Uttar Pradesh,Sitapur,"44,83,992","22,83,733",61.12%
619,Uttar Pradesh,Kasganj,"14,36,719","7,24,850",61.02%
620,Uttar Pradesh,Lakhimpur Kheri,"40,21,243","20,34,044",60.56%
621,Uttar Pradesh,Shahjahanpur,"30,06,538","14,90,930",59.54%
622,Uttar Pradesh,Siddharth Nagar,"25,59,297","12,28,926",59.25%
623,Uttar Pradesh,Gonda,"34,33,919","16,79,994",58.71%
624,Uttar Pradesh,Bareilly,"44,48,359","21,91,759",58.49%
625,Uttar Pradesh,Moradabad,"47,72,006","22,63,848",56.77%
626,Uttar Pradesh,Rampur,"23,35,819","10,43,666",53.34%
627,Uttar Pradesh,Budaun,"36,81,896","15,47,477",51.29%
628,Uttar Pradesh,Balrampur,"21,48,665","8,68,357",49.51%
629,Uttar Pradesh,Bahraich,"34,87,731","13,98,368",49.36%
630,Uttar Pradesh,Shravasti,"11,17,361","4,23,313",46.74%
631,Uttarakhand,Dehradun,"16,96,694","12,59,506",84.25%
632,Uttarakhand,Nainital,"9,54,605","6,96,500",83.88%
633,Uttarakhand,Chamoli,"3,91,605","2,80,556",82.65%
634,Uttarakhand,Pithoragarh,"4,83,439","3,45,550",82.25%
635,Uttarakhand,Pauri Garhwal,"6,87,271","4,94,889",82.02%
636,Uttarakhand,Rudraprayag,"2,42,285","1,70,933",81.30%
637,Uttarakhand,Almora,"6,22,506","4,36,497",80.47%
638,Uttarakhand,Bageshwar,"2,59,898","1,79,483",80.01%
639,Uttarakhand,Champawat,"2,59,648","1,77,726",79.83%
640,Uttarakhand,Tehri Garhwal,"6,18,931","4,07,994",76.36%
641,Uttarakhand,Uttarkashi,"3,30,086","2,15,126",75.81%
642,Uttarakhand,Haridwar,"18,90,422","11,78,354",73.43%
643,Uttarakhand,Udham Singh Nagar,"16,48,902","10,37,839",73.10%
644,West Bengal,Purba Medinipur,"50,95,875","39,23,194",87.02%
645,West Bengal,Kolkata,"44,96,694","35,88,137",86.31%
646,West Bengal,North Twenty Four Parganas,"1,00,09,781","76,08,693",84.06%
647,West Bengal,Howrah (Haora),"48,50,029","36,05,206",83.31%
648,West Bengal,Hooghly,"55,19,145","40,78,388",81.80%
649,West Bengal,Kalimpong (Darjeeling),"18,46,823","13,15,585",79.56%
650,West Bengal,Paschim Medinipur,"59,13,457","40,78,412",78.00%
651,West Bengal,South Twenty Four Parganas,"81,61,961","55,31,657",77.51%
652,West Bengal,Barddhaman,"77,17,563","52,47,208",76.21%
653,West Bengal,Nadia,"51,67,600","34,80,555",74.97%
654,West Bengal,Cooch Behar,"28,19,086","18,50,504",74.78%
655,West Bengal,Jalpaiguri,"38,72,846","24,98,780",73.25%
656,West Bengal,Dakshin Dinajpur,"16,76,276","10,83,685",72.82%
657,West Bengal,Birbhum,"35,02,404","21,58,447",70.68%
658,West Bengal,Bankura,"35,96,674","22,32,992",70.26%
659,West Bengal,Murshidabad,"71,03,807","40,55,834",66.59%
660,West Bengal,Purulia,"29,30,115","16,24,905",64.48%
661,West Bengal,Maldah,"39,88,845","20,86,432",61.73%
662,West Bengal,Uttar Dinajpur,"30,07,134","14,89,667",59.07%
